server_id,server_public_key_cbor_base64,nonce_base64,signed_nonce_base64
10001,WQHDLS0tLS1CRUdJTiBQVUJMSUMgS0VZLS0tLS0KTUlJQklqQU5CZ2txaGtpRzl3MEJBUUVGQUFPQ0FROEFNSUlCQ2dLQ0FRRUEyeGtkcExQbFFJMHUzYXRKVm9DTgp2citrZ0xBU3JabFpJckJ3OHlVZFczUEFXMjlNQ1JYeGE0ZXFUYlpzcDFCaEtuR3ZKTlQvYVNIenB5RmRzTlFtCnNESHRPTmFNU2tTQzBUVmlGdHhtSmNZTzdiUm82UEpBVUlMdTVzUzBYcXhSZmxZbHpITjFtSkhhSXdzMUhRZmcKNmIvSjVhYldzdUNZYUMrYVRScktiWUVLcDlHeURwR3ZSYWcrNXhvVlJaWno1VHhFRmlhT0JaRktyOXE1TWdNSApuc0FMR0lLVFF2TUdpR0dUS00yUXZiVFQ2alg4Znc2Y2F4NGpzMkNMVWhPdzhiRC9BMWNUK2ZTWUJQd0llVDI4Cm16VCt3RzNlbUs4Qm5aZE9BTkpkemQveTRXRG1KclcySWNBdVFEbFJZOU84Q1NoVlpTTnRwNnBkbG5mSG9KM2cKWFFJREFRQUIKLS0tLS1FTkQgUFVCTElDIEtFWS0tLS0tCg==,6aeH+ktvfPNfldzUiAYN6w82iUVmsNAJ8yBqpjs16yg=,jSKWal2a/pkPn7TN40Ue0fAScp0qrItLfCyySjYOKSSrF6uSXv80laads7Tj0oB1q/n58xcyH2hga5f2dD72peNXJjrsr/GmdJMxZG5PvoZoI4I4sNk+1U71K+n99fuvUHQMvFrvH/qf8zLRFwfrN1YdbvBFeDNK78P/pJ4YAm1qhuyhrDB4HKiCUqw6xgg1pVeLwa+dRb8oQNshNR7Aouc1Lsox3KWMprMRsCFOahLTBVfH6LPtqaIxaw8cuSwtXz4BjVfPdTviqwXRrLQCSCaXXyPM2u0kU1HG4tdXBPGLjApv+IVhf3JScBB/qtEHpAL8PSfkvNQg2vrXyDloOg==
10002,WQHDLS0tLS1CRUdJTiBQVUJMSUMgS0VZLS0tLS0KTUlJQklqQU5CZ2txaGtpRzl3MEJBUUVGQUFPQ0FROEFNSUlCQ2dLQ0FRRUF1RFBhSmJudDlicmNVSlg4TTNRLwp5Sk1tcU1SVVh4UlphT2Q5ZGJzcVJSTktGZEVUZWVxQVRZb3QwNFlvbTJVcnRhL1Q2anErdXdMT1cxVnhMZ1JjCm43QVJLY0FmUmZCdDZEczVhVDdrWStkUkNrTlo5azVjNjlyYVc2dG03Sk81aThOckRMcVBySmhhOGFiT2trM2IKSkQ1d0lxZ1RnVmhTUmcxdzRoUlBtV2hWNGJRb3Zubm04QlBRNUVhUzd5VTNneHVhRFY5YkR2MElhUSt3a1RBdAoyT2pWTTVuQzlhVkhLaDZCeUJHMi9xbUFuRlJWb0tsK0x6NVgwVkNLb2d2WjBwWUpmcGhjQnFEN004bDU3MUxCCm5oZEVrd0wvclVCZjJoSnN5UmVuMUppcVNSRUlkWDB1N1FFaTgxZFhSbUlOKytKZGROajJaK0hjUVlZeWZ3QkoKS1FJREFRQUIKLS0tLS1FTkQgUFVCTElDIEtFWS0tLS0tCg==,drzrkBKQEz6hsTZ36X+Rw2nNVgGZiplckuq2nBeEHzM=,HwN5BJsLIJJKf6RGxuEo9zyqICfWfPchRgHhcKYagqwBqZmcnZxW1emQyqXOWb8omjFfq2xVmxW3GQO5tykDyCxIKISTwMm1IfkvBKZoTptr6bdgWAsFMcxL1pmc/doiUZYQyS2J9zzPkw370u+6sHCH+9HmgdsENX7djQhbupSpJOZxGJvVCLg7sqNkRezC43+Z5yk71QmEudl6ZNadRr2ACHfnPdFH0ef7Wf8/nmpxe8tE4YqIJ3ZKbo4lHTePXdMtBHGHl8jqyjGUXdUWYG80eA/iBpChBUgDjzgm+wWq4BPEl1S9w/MGG6Lk4sDw/RlIAHRERZL2tYEZs0bTWg==
10003,WQHDLS0tLS1CRUdJTiBQVUJMSUMgS0VZLS0tLS0KTUlJQklqQU5CZ2txaGtpRzl3MEJBUUVGQUFPQ0FROEFNSUlCQ2dLQ0FRRUF0dmloc2pDemR1ay9IRzN5QW1qWQpiTFYzM2pmQzJwdGVIMkJPdjBFeC9LTVVJejdTc1NKWmw0RkZkZGs2Y2haUlYxTGNlSFdKK2VISUJqNEgxbTRzCmZIY1FPSU9tdjhXMEVoWjdLNE92b2xpYW84THNrT3oyQ1F4Wk5mTWR6WGFjcEprN1M0WDIrYVFyNWxWNmkrQy8KS28xc09oUDlVdFo4d0pqUDBHT2hZTzBjdndyQWw2UGYwKzNDV0lkdVNlQ3JUdlIzNkRUcTJFQnRrTGZUV2dZTQpIVWE2azd3c3pvR0ZvWlFNTDlJbHppYk8zdVVOd1Q2YnJaMUc3ZTNMRnJVVTRXZFRjME1LbEkvYndneEhrTDF4CjBMWjhvOXBDQVNFWFRFZzd1bndMbG5VclVJTW5qbGMxd2R3bVk4K01DK2x2ZFBKM3pmTURrNWViUjdxQ0FTSUMKc3dJREFRQUIKLS0tLS1FTkQgUFVCTElDIEtFWS0tLS0tCg==,gkJsPU1OHUuKSGbod/e5abJMFEqHO5AuNQ3pPuvXVYI=,i9y9cqHg0VCUK3E2KY/UxA2jE/zx6CTTYfZMWu9V+hJEPx9rF/qFRk1ngXkewylKf8bDu1MPByfw6r43upZB2h4sITuxIg8SgjSnrnfrvH5/7sRMWjW9Aai+qcFwAgipiZNwQOhKbDmL514fzj030EoEpaT3PfGWzuVWRyU+syC72Za6np5/gewsCVnvnjNZUTen1ZIR660VmrLcBUtdOSzB9wUvri9yLDIBtKx2i7F7UPFkcbdzJQW0AXXcxcJ48uOUE4try3HqsKErEY22qvBuE8t1E0jXUWuN73O6+RpM1vwqbFHnccFidS94Xz7VOtPI6o9Uc3xWmyXBQmpnkg==
10004,WQHDLS0tLS1CRUdJTiBQVUJMSUMgS0VZLS0tLS0KTUlJQklqQU5CZ2txaGtpRzl3MEJBUUVGQUFPQ0FROEFNSUlCQ2dLQ0FRRUF4ZjVBWVRKNk5lNWdxbWJHUlViawpPOHJlZEE5QUpDcDZYMzJRaS9ZczBld2lBWnkwUThxSTZuNzZUQU9vb1o4S3NHYXNkUjZUeG8ybmFLYU1sQi8zCld2MS9NeUF5VVJXaWtUa0JnOXNpenhUZ1RQeDdMREdIZFYyTlRzbmpRTlozL1VSNEgwN3ZBSzA0TDlkOG5wcUMKZC9iT3YwQUthT1AxQzU0N2M4Y3ZoejJENnVQZXNpUk9JTnhjdzg1MitjeXdHL3l4TVduWDJuSDNkdTVNTjlFTApTdXpSZzhtb0prdG04MzQ1WDY4QUNRZUJSUzZ0S0gyWUw1TEF3TjVUSzZlUTJ5ajVxOHlPMGRQQUMrZW9BRzdxCmJ2MXFBb2pCeWp6cnhZb1V0SWRTRlZuSEMyVXJ3UUVCUk94amt3SHZMWlUxTG1HWGhoaC85bENtRDl0Z1pES3cKS3dJREFRQUIKLS0tLS1FTkQgUFVCTElDIEtFWS0tLS0tCg==,k+NJJ+UZqnoeMkRJR9t6xLffVNwo92O2Bmr5hNYGKEk=,RHS7CpkKL5J6stolO4HSWxHqjy/jrSO9MtUjKISvaTRUldnH3VqP+bz71L79irdsOZBPw+286OOizYt+8GvkOgcm9omttQT9boWGGTnCCT0oiZsUUzyeJHmy8YvvWZuOWtc3HX/tAnUdihf6VbT3nirg7YIM6o1yBmP7puSjAGZ2C1N7cu/FVFF4V9XTiTeQGpUJa6dXDllE7h7DBULZ1MfoqSbQCr1iDW+Ur2YaHhI1BlNOJCvg9ZCDVw9n1LJaIacwTgvJPR/dtPun+oQLPu1bWCkpqJJRFhfHeS7sL0CqPqNqjhQ0alTwZjaMYdX9ndcYvY2MyyYVGQBzClyGag==
10005,WQHDLS0tLS1CRUdJTiBQVUJMSUMgS0VZLS0tLS0KTUlJQklqQU5CZ2txaGtpRzl3MEJBUUVGQUFPQ0FROEFNSUlCQ2dLQ0FRRUExMXNDWCtiNElxOEZVNU1Ydy9IawpCMENjUkt2Y1hOc1doUVM4K0pGKy84NGVGZG5pTy9DQWpYbk5FMDRpejhOamNOYm9INC9Kc014TXlIUFZiSkFZClFXMGZ0Mm9NOENIODFoQmJ3RVNVSFdsMEhWK0FOQ2ZhTTY4bEtxWjBFNnI5Y0RMdkJTVlZDbU5hKytVaXZONXQKOUs4VVA0QXVaeU1YYVQxV0Flb3B6bnNXaks2dUZGM2dWajUzQ0FVMDZyd3JzM2dlODdnNnRPbnVkNk8xTHZUbgp4Nmg3UHVzSGdyeGoxWS9Gc3FRTDdIWVNmcUhjMmVXblVjUk1iMzRLeGZvK2h3dnQ4ZkNHNDh2Ty9SUDQwanh5CkNCYUNRNGdub0NKbjRVNUFlZTN3R2dGOVV5VTBnSW5wbFNuaFNScVBTdlljRWFyWkNTb2htSTdsci94SGYrN0wKL1FJREFRQUIKLS0tLS1FTkQgUFVCTElDIEtFWS0tLS0tCg==,WFjDzsEqHt9/cnwlQWnkLIxajO2t+7G/UWi00c15294=,uxW+mGgV0NN5yhDziaE1c2KX+EY7BcqnP7wX4mlTYiOxpJyH46+BThnRsjnO1H7qeAOqIcESnchLitgygbNtAnGMHlPyJKCsDQIRPL8ejUzR3a419x19+PdaZfdDohh+DXprtVz0uqzzYkkj6kh9rfsRBsM4+Pw90CluBtBo9mgfyjU8u+7oP3/NCY1kKuGy8u3j6wPDegZ/gyYqHEyqx7fkZ0olaQjLkpaKqBDqeelzLz/n5TA/IeTkipEYLD8Vf2gGxOVK9tcRwlm42egD29Z/XmW0iBvU07ipvklk3Bo34wsv7FgT4vJ2koaFF5HoDWwLVGo1Ybgs0rP57+x3Gg==
10006,WQHDLS0tLS1CRUdJTiBQVUJMSUMgS0VZLS0tLS0KTUlJQklqQU5CZ2txaGtpRzl3MEJBUUVGQUFPQ0FROEFNSUlCQ2dLQ0FRRUEyU05jVEJ0WDQwdnIwbC9DQkNEdApUT1JXU0ZQQU1uRHYwWE5EQlFXbXdIZ2RhTnh1M3BrOUxnSzVNWDRJZUl4VkRHVW9GYXQwdW9Dd1BldkM4N3I5CndzRldhbTkzUHdqZVZYOFpXQlN0Z1BCY1dOU0tFN3ZSaFU2MDFHTlJ4bkhPUU0xbFYwdjdPblIxT0FvNHNXbkcKaUZDRWU3MksvRXQ4Rzh3KzM2ejBnZ2dnMldBUk0xQ2xlYlZJYkd1RmorTUFOakszd1RPSVJlQnJwdWkydDN1cwoyZnFXSGZPZ2JCM2pXVzdaRVMwS1dBMllqRGhFN3hLQzV2czE4Ukp5WTJSZ0RQZGJVRXcxNnpDbjJSdkptWHkxCmF6eDIxTmdZQ0szeVdRb3dwMUw2QmdhdXJqdDhRbVI4S1F0cERvT1NyU2dVZzA3aHlzRWxobnpYWDFNOVFJS3AKTFFJREFRQUIKLS0tLS1FTkQgUFVCTElDIEtFWS0tLS0tCg==,zCHNFA2KZQZYJehhEAbdrT1jz3Nup/tiNtvAsbJhtDc=,NrZ+dLzQbvWLwZnl8CP8U19xkn7FNhYZN7xFp1INuBIbd/ji4k6mKIxTvrC865o5k/PSlFa7g9xAmg50G4B48G5ClOSEgaCpE6jl/miaCeZZP4vxNJfghhvcN327miAjEGYmUb7pLrMEJzCQKYp72PWGJmDlKBLWpohltu9fhzkNHP+JHWwgyucagNXb3pz1WqlbWoV6oCfEOOVSqKsCRp0E9vr1GD3xm/uDZnWUJyuO1KdLMgT7M9Ioc2XVkgyJ06gZUe8sqcXZR1S88ji2klDSv94mprX2Bfi02QXeps+1O+8W+XXRiiZz51kDyFmPuOZDuyr9hCDFRfApSBUxbg==
10007,WQHDLS0tLS1CRUdJTiBQVUJMSUMgS0VZLS0tLS0KTUlJQklqQU5CZ2txaGtpRzl3MEJBUUVGQUFPQ0FROEFNSUlCQ2dLQ0FRRUFoRmZHRERKb0VzTHFIZk5TUkNPRwpkUjIvbTNHTzFVb29ub1c4dkIzbWhEY1VkWFpuRUZrenVzT1h0WWQyc210MVUrdnhyekNmall6TFg4Q1hhSkJ6CmVWVnFBRVNxT3FwYnhscVRoYTNBQlZGTVNSSjlvR1dNL2FubWttdDhuWllva3cvbXlhRFRObjlYWkoxTEptT24KN1NZYkZmQ1lHQVFXVHc4UTBGYjlCMHRKVWVSRnM1OVI0OUg1aVhUTDZqSWVmUzdwTGZtam5NSnFWNlBZR3NzdwpJSnFXR0l0djR2STVSMXVERmVJWC8yUDBCSHVxRkc5Njc1ZG16RGgxZWNQTUVla2VpbmdnWEhuWUFDaU1GbDNWCkt0dFhkc29OUys5RzdjY0orMVFBSzBlenMwbDdpZWdpN1pudmsxS1NsRFN5MXB4bys3UDY2WlRqdmFINm5WV0wKbFFJREFRQUIKLS0tLS1FTkQgUFVCTElDIEtFWS0tLS0tCg==,P4OnrH62x3tJT5atyLPuTrqOPB0w95jxEhqcVW8LZ4I=,PLhHNfhn+O4QxDBH3mzHhIzkhTXvH9+u/jM1+MLndxWUCTBF51V2OQaV20hAiU74fhndIDx6OH3LDZ8EdY9zCjQas7l/Bn0Z8UgfqC2Hw6xf0wjaGDSJ7uDG/IG4WY+PJrZB4D1RWghFTRHKkq9wNPUOwBYeVpv43Bc056AD+3EhxYHBl8qZ5uLGSHIPkFtSSDivdy+UvOYabIrYElDzT3xEoYVhlmVa1sOdRG0rWAHFroQ36KRfUHaVTWT4nCRiXn5hjtZZLUoLigb/h8S8ebHj/HLfJu1a5eLIWDQgD4BMkp07BJ6cBNQDuOr0VHqwzrFwypQDJJFnazkddXUEaQ==
10008,WQHDLS0tLS1CRUdJTiBQVUJMSUMgS0VZLS0tLS0KTUlJQklqQU5CZ2txaGtpRzl3MEJBUUVGQUFPQ0FROEFNSUlCQ2dLQ0FRRUF1dzJLSmNlU2l3VDBXK3RtMmZYVwo5WlVBMVZtSDFNb1c4dzBiSXAvOUNhNkZVYmo1dkpRcjMzbHRHcllzNTZSc3A3RDBRbTR3WUVlcC9wZjVQcWNSCjJLdXdETDFnRnJJdHUxUkZ5WklYRHhPU1RRZjNXYWE0TkRzUnplOHF5YWFsNnFURXo0VW15QmFHcEJqbWRaV0wKVzhrRGNielFzcUdaTFdiQ0t3SUhoeTI1Z1htVHJzM3BPNG5yZ3pTOHJ0ekZ0ZU82VzF3dTlFQmlRdytBVTQwYwphdkQya3NDemNMMmE0MENHSHJrSGlOeWlSc21oMzA2UnpIL055amUzMExSTUs1NmYwWUYrRnJLd3daeTAwWEdBCm5PUGxoWlNjUEljMUxpMU13ekNEOGVFbitFUGZ4RFB5WmNTTllhcE9SUVNZRXlUcUZlOHMvc3pJbWR5NFlRTDYKRndJREFRQUIKLS0tLS1FTkQgUFVCTElDIEtFWS0tLS0tCg==,eAq/spCpA3M7O+/zd+30eFcWDiKaIZrtkldyVKa/3KA=,sZbY05P1m6DTvHKvnRG7R0nZN1qn2OJVDtk9bta4AB7egdffp2U8VNrCXHHDt5cxM/46xJZerROE7THouzypvRS0/e6z5oYYlCGauOX6BbcyqBoyoGJ0FTa/TovkmAJFUNWZtNxULEC4rkcVPrF5b/4d0ZyATybm4GCs6ZyQnSRy+YRPAwTdJzMdXkkAMb61+IMhEsHJfKuMjRsNoDOAM7JSZupit4r48zgCk4o628oL1dOrbYFKYSI8MT0JS1rmLhH2phCZraF8mJfYN9TLbtjVTvrznQwVqmKz8n393JK7d6ZBEcvqtfa49CAWXhSbbMnVMNNe+9BwHDb29QIQ1g==
10009,WQHDLS0tLS1CRUdJTiBQVUJMSUMgS0VZLS0tLS0KTUlJQklqQU5CZ2txaGtpRzl3MEJBUUVGQUFPQ0FROEFNSUlCQ2dLQ0FRRUFsUVlRUDdIVlI1aTB5M0FXSlNqRgpsMXlvQjIxaFB1cjZxKzk1UExSN2hsS0cvMmNNbDZHLzhKdjJ5M0F4SG12QlEyYmNPOVprTzI5REVYb0RLUmE0Cm9CRDI5amQzZUxPdWtPUTZja3Judk94dGp3R1hlWjFuZG1NcWd6aWNMU3M2bzNjcmRXOGxEOC9vUXlCZ1ZhTGwKQXhIRFZZTFNiWWZsWU1MQXNpNC9EZCsyb0hRdGF3RUY1bnkyRzI3ZXpodXE4VzJXMytjU3BGMktHemt2MXlZegpEOVNDRDJXOEgveVFBdUxxTXMycklsTjIrT0xsbkx2R24vSlo3SExHeWc2THQrVVFLZ20zVVJDR3ROTW8xMmwrCmU4Ui9yRnB4Q0RBeU1JZWFlWUdzeXVNS2hyb21aSWRIeDFSdDlEZG43NkJ6UVNpRGs4aDBJN2hzbDNXK1lJRWIKWFFJREFRQUIKLS0tLS1FTkQgUFVCTElDIEtFWS0tLS0tCg==,wTpZDHM+NobgtM6GT+BA7WXbtW+CIwTXPMV/XWLiQAc=,LqljVYkAQ1KPTuM+V6NME1gXSocLX3FpzeZ0XiXE67UI2+xthTzJElRm3viu0SiGZMxd1dVUTjGzC/zIWGjJvpskNVGG/GQW+zc92pLVfAyOhYyVFwpzxuIkESnJvvb+Q2f9X9YH75Md3/fdd+nqm+MrybtB5oBehlteaD6OkUINdfflFZvTEOgxTnw32VBmmUBF3waqle1IzA2GCT8t+WmhQ2CorX1uzEgJnvElwX7YVEG4i0rekR63f6XYC7XbgVo1G+t5ZI2I1ym7/vxAW7sKKf/9kVrryxrEgCb9Uw+RxLX09FiLIQXUzY/NBBxSqVg1rpSnGmRwizatVDkNnQ==
10010,WQHDLS0tLS1CRUdJTiBQVUJMSUMgS0VZLS0tLS0KTUlJQklqQU5CZ2txaGtpRzl3MEJBUUVGQUFPQ0FROEFNSUlCQ2dLQ0FRRUFzVlhQd3BzdmM4VVZ3RWcyZm1LMAowcVZwcCsvK0h5UXlOMnRzdmhWRFJpN1pNazBpV2MrZUt2YTdBVWlBOFVqVXFPeG5rc1hsTytmbE9UcEVsajFRCjBrMkt1QSthRDVCTU1ySGlMcHlEVmtjbDBjZ2ptWDZ0UmErbVBmNmdxZVRlNW5sQk9Hb3piY3JVaTY3ZkVrdHcKTG9RQU53Ri8xa2ZmWG5Uai9ISHhvb1RKcVBiMVhKbG96U2wyUTRzdklOSEV1VnNEOGUveFZ1bnR6MnRMdWd3KwpyVFo0MHVOMUFxMWY4YmI2ckUwdWJYSDFqb3pWN3IrUk5iSFFiOEJIaDhvSmRFV2tHd0hyVkg5R1ZqdDdUYmF0ClFPaElNVndLZ2d5MVVaZEpOaUZzRVd5ZVV6M3ZOZmNCdE1oT2FRRi9SM2UwT1JodWthdVArSVlZNHNRbzBmOU4KblFJREFRQUIKLS0tLS1FTkQgUFVCTElDIEtFWS0tLS0tCg==,4fXQr5RJ5349OS+exxYfJtqeAFcqr69Widf6ePM/lH0=,K18JBQlFAP7ZqoZxDhIug/6IiCNG+SCmOLJYATJLynraxyrs/DvmEnHUqzQDsZ3f+PSpBm2lelC0wgEmfvU11/9enUKGLjaGux14w7ComQk7vRhuiS9Q6qvPGP2RTBmNdPOWJ83OY6toFUUsDQh6ciXGwlp2DHLyB8GiciAlTCABGKWce6gpufh3yVeD4KtgJO8dS/Pux9uj6T/me51jilfLRUA8V0cvZV5csLV5dL8tCMtxoQny/47ByU5R99jTRuK7GTTqVFzr/r9wJXHd3E6F4zJqA4u9NEV/WpTgJqsGw3W2X5ZywktaS643ePvLSKmK/QQdk3aqibScDRxhMg==
10011,WQHDLS0tLS1CRUdJTiBQVUJMSUMgS0VZLS0tLS0KTUlJQklqQU5CZ2txaGtpRzl3MEJBUUVGQUFPQ0FROEFNSUlCQ2dLQ0FRRUFwZWdqa2YvZFdMQ2d4a2NYSzZPZgp5SmZKMDh5b0x4R0RPRlN4VVhwdTVTZlZEZnpFanNnSDUrbGZaS3FPcUY1aTdhSFpwWE1wbGk4M1AvcE5pL25vCkNuWVZnZ25XWFNFUk9lUHVLNmhKUzN0L0UxVWFzbTBQRVNuaEpSajhPcmVuVHpkbGV0b3Jkb3I1MS9VR1g1SUYKOXFlVTB1c1NTQTlQcDNBa2cxZnlUZlUyd2ljc25ZYzU5QXBrNkRlTWp1VFlQTTJmMTR5K1dMOXBDUW5hU3FBRgozQ2lrVUl1ZXZNVDNKOGgzZ2Z2em92cEJXUm9PaVZ2elhLV3ZqRmRobkVlckdpemVIUTZSRWdXZlFrVVk3Qnk2CkZ3Q0V0THg3dEV4WkwrZE55MDhhdW44RTE1anhGUmZkSkl4Z1pZR29URWxzdTZJMXE0Uk9aeEpSZzVSSGRwTlMKRndJREFRQUIKLS0tLS1FTkQgUFVCTElDIEtFWS0tLS0tCg==,gsXfipXj1t3K5NPVamQW26szbXu0igZ9/Q5XezHSyYA=,jkR1BbuAiCpTBFMqLH3U/83WxRPqBQVSGSxsnOHrplDQfJedvBXzOx3tOr8puxgzzav85fdBng8pBakvogIhjBUTrtT+OzHME4oKlvsY3qeiiqQXC0uZkqKodXxag74+z2e099xZKabbAEyYR28BhvmmhPsIoMfJVIkvZo7TifQTBLIvAYLtoBfq6N43V14SkFMCeKWhaF2/L0I77x38v68PiEztHbReLSjmj2iF2KoLUnvDmsE1CP1fQ0Oxs9J/Xw+64EsRqzQVTZz7sSNxI8vbXNdHhhG+jTgSzs79ZobR8TAwjMuxT+Lp6fpKt/DYAywJlhyUnMbQ4eUk1Oh00Q==
10012,WQHDLS0tLS1CRUdJTiBQVUJMSUMgS0VZLS0tLS0KTUlJQklqQU5CZ2txaGtpRzl3MEJBUUVGQUFPQ0FROEFNSUlCQ2dLQ0FRRUFxbWVoUUZFbEtDMWdkbWlkM0w4ZQo1RGhOaVlnNVYrdnp0T2o4TnJCblM4MzFZWWozeU1SZExjYm12T3pZZGdyc2xlbTM3NGFiZEc1WGtWdUZFbjRlCnIzWnFDaTdyNFlsUHlUZXBEOFliQ1pZWUc1WFFOTVJrMWx2SThFL3IwaHc0MjVUL1MrOStSVWFaRlRsaW50TlEKVUNvWHdyRVFTaWRKQ0ZmaEJQZTZTYm1PR21OMnpiT3VTNjd4azNtSmExRFZ6SFpHZVhvWG5veENkRUtYeWF0dgp2OUx6VHJ1Nm1GZC96VHBBQlVLa3dpbDZLZ3JNTzQ0VEwvbWJwL0RpOFZSc3ZTNDNwSWZtcE95M2JhWnptRDBHCnhjbG5YVk9lTUNYM25VUVo2Y0pRK1lxNEo4VGxsUk5DUjlvTHdJdkRFcE8vL3g1SHJ1czc5VXVYWXNRQUc2eFMKUHdJREFRQUIKLS0tLS1FTkQgUFVCTElDIEtFWS0tLS0tCg==,A4L1wBNH094o0N4RsF+V0P4DG3xbQ83jfTzIzgSnYYw=,drL7Ou9OZJLbWAp95GWjwKCOIX+kw7S2IwQEeCqpB5LeaQ59ixEdZAfMncWABPcllK+x7GNMbaCU4GKLCSsPjeXHP+8PEtBusC4WdeC75DoSEVtQ/S9Jnc3ZDit80ii5aGbMFDYWfqoFEyTFT53PgTMZMSRSZRz19JNyxFt2BoIq0hb7r3ksNbXj4Nb7oE3PNfNDiQpvPL0n5oJmyAT0FJOb601itncYUUdguyYg1Z74PCgePDW+YyOf+O5dmtE8scSRwlK4bNvk7SeueRq3Q9Hbwdte9xPtSXY/Pp1jN455POzt1xNaAMdPpigQPZ6gzoN7wM0pdq5VlvTl2ad9dg==
10013,WQHDLS0tLS1CRUdJTiBQVUJMSUMgS0VZLS0tLS0KTUlJQklqQU5CZ2txaGtpRzl3MEJBUUVGQUFPQ0FROEFNSUlCQ2dLQ0FRRUFsdHhTRk53N1pCamYvMjhqQXZhaAo0MVp4cmVrNEhBczRzUHJmZmJpTlQ5VFpoeC94NUhUWUNHRDhFTmF0dm14WmxGaVF1cnRZN21XdEQ0ejAxcmNWClRxQWViVng3Z0dUblIyVVpJM3IyanoraDNRNjdwdW11T3Zud1ZpTlZWSFBONW1hd0tGWWtvLzI2L3NyNUdYWXUKanJGR25EeWJqRTY0Znl4NUlaekMvRW9DQ2JmQ01JL2F2RXBpRkJVTlZyZzYxNHpvOGQ1Z1hCQi9VQXVHb2Zycgp0SnBPSWJzY3l2dEtFd3psMDBmUVlQcXNJVTlxbS82UWQxMGZJb1pSREpyNTZqTFFiRU5jbllFWlVjMHF0cFJ2CmNnWkJleDdOOUxGNERwcFNSYmxMZzc5Zy9keXZlZ3lseVBwbll3aUZJWHdCRGVBNExvejZxQWIwWUpTdkR2b0gKNVFJREFRQUIKLS0tLS1FTkQgUFVCTElDIEtFWS0tLS0tCg==,04csLBKVi8EULe15At1PwbJOXJDyGHZ+pa2/wBky2w8=,OxP1HO+uiBsXEc7mqOYi1alGRaBsEqJ5hF85dyV1i4rRv8eE8Nv1Ocoq0YcCviO/Oz0IixevW+Ntl8hq3X2GVzrQvJP051Ke9k6EqunQ5tyqdH+IygweZdbJYNutnzvw5BlkiNH+PMEeLL5AngONTaojoiBl30n0tTgFQMS0OWNj9Kcm+Vs/yEP0BzBEVInh+MnAE1djcjVTm1jvgHq+3ax4RgR9xkB/5QL3W1lfRkbGikAAvsQvy95HlQzeGy08KffGD0Fbq+C+CT00WOfKnsKf13xIxpFg0UYHOZcl1ild/Yjyp9KWbAmzZ7amQ3hr4dy7iutjlNf94Pb+mIpWnQ==
10014,WQHDLS0tLS1CRUdJTiBQVUJMSUMgS0VZLS0tLS0KTUlJQklqQU5CZ2txaGtpRzl3MEJBUUVGQUFPQ0FROEFNSUlCQ2dLQ0FRRUFuU3lvYURWdy9UeWlhMXl0cnFlUQozaUhlVjAvYWJvellEa0hxQTZ3YjdQOWpQRlh2bEpWMC9DcFlkYUJRcHA4bW9HY1lEUC9mUHNDWWNyWGIyVHFDCjVRSnBDTlczSWRhaDNQQlhJMFFmY1BhMkUyMG1SQm5HRVB1ZTQ1S0dLc2RKYVJXdUwwdEhkQmVEcXRZUWJ0enMKMU1scVBGblVCWEdmSFBWczJVakQ0UHFQYXNHekg1RkJMRTc5bEdscVhvMDF1YkVlN3d2aEg0cjdhUFZQOXM1YQovRWkzbm5JZnp6Z3hVMWdhcGRwWDM3RGFUUFZEM1lyR04rUFVxaU9SZGFSeGR4UmJxSlNDYjRubjFLc1BrVDdkCmpBVnpSbGs5N0w0TFRpdnE2Umx3QVJOeks1RjdtR1dXSDh6TkRxSENhSTY1bVppZWR0K1E5MDhreUpKWmFHYXkKZXdJREFRQUIKLS0tLS1FTkQgUFVCTElDIEtFWS0tLS0tCg==,NMtDVMoXrecZUzQ14cbcjV/YsQ3NbEb9WzpHPPBGozg=,YN32xYDfCFljVPFlQnAPEcPRQGMgs9RC2rXY6RiRzSQuaiuyOHqI+0qjvEh8IMkyXDLvenS4BbDVCdtIxR/i5qPkh3Kk5jrcrmsocx2cq4xsei27CbnGT7mvwBFkVh7Hc50agl+yXYV7WwGkVrFZD+evRIKYlcXCq2cWwc/FaxqyDfl1zljzj40dOSvphcb2/FmOQFNxx8+Qay5YfpEhL08QvfIC+b7c7u1VsdstWmUPySNl1NH0+xuMLEtCgSe7Uq/Nj5O+BeO0H6acTLvaPgKFa8l69WFCw6NkoUI5HvNCUAAmKCZKjRiRgKT5jpMgTdEeh9G3UMDVruvu3nNkQQ==
10015,WQHDLS0tLS1CRUdJTiBQVUJMSUMgS0VZLS0tLS0KTUlJQklqQU5CZ2txaGtpRzl3MEJBUUVGQUFPQ0FROEFNSUlCQ2dLQ0FRRUExQVc4UUYwa0dCYWNpV1dnVDdjMQpvWU4vUUR0OW5COTR2SzllSTRHQmE2aUtyV2lBcDFVMU1RRnYra0NYZDlXNkd1NkpUd210QXNzck9BNTZ4S0JkCnlUcExMWGd5aFZlU1l3MkU0RzhCZTVzRkJnVmxCbDBZd2xoVjNWcUtwRWJtNkg5c3hRcUFadklNelRwTDVqSWEKN3dGNjBnVEF4MjNLSHNuQXV3SkZBL0hSeUtoS29DL2ZLVG1YVWR1a3lkcGdzd29uMXZhOXBISkxpdEFoa01ncgp3aEZSR0pIRVNNaHNXckZoR0ZtUXRIN1FOTDZuRi9sM2VrVitmNkRCUGdsNFlDeGl3Y3VWNmRuUnZ2YitvUzBuCldYV3BYM29Ma2w4OW5LSms1bVJPYTh6YjFycHFmbmRVdVdORVR6SkNYNTM3TGs3djBPZFI0OG10SmUySWxUbmsKbVFJREFRQUIKLS0tLS1FTkQgUFVCTElDIEtFWS0tLS0tCg==,dGpgJQ2Fq8TVo4aso6c2ke70sJB1dxqtJWyi0D4R2u8=,BSi+az7AqtD3LRONcfa+L/yy+hYCGkOQ04a5YkPv1Itew1iSQkqlA1OmDeGMkxEKVYJy+p0PyJ1wkMi+fUs0uc6GD0hkk8QQq16BOpS4SJIKwXXbXlKYSk/KhNXRIC7MhqgcYvJn4yqdpMOnZ9yEeKyzwa4/d6+roVeUxayTJrEr19OTBw1pu10qbzaya+TPYMnRumVYZ8nA/eo4pgAY6jedAKoGXJY834wKfpI0n8ifj6OPM7/L3OEYsmozxUbq63nBDjwZvgxAOR5+6wWGCn/ymXMHsT1ntVTEFbntvDQE9pj22VqDdJ0hvyHaJcy8W1YHcY0nKGBdTSu0Pu4ZPA==
10016,WQHDLS0tLS1CRUdJTiBQVUJMSUMgS0VZLS0tLS0KTUlJQklqQU5CZ2txaGtpRzl3MEJBUUVGQUFPQ0FROEFNSUlCQ2dLQ0FRRUF0VGJERVBjZGM3YlVvTzlvemtYdgpEdVJUOG1jR3JMTVBsQTZQWEZtdGw4em53K3VyNk05TnZaM0JPRG9HOVdxaVh1citJV2E0NnRqaitsbzdsaU1DCjVVYUQyUXN2NzlNUldvd3lzdHQyY2FSbnFGQ21GbkJEK3JMQ2xVYXhLbkVlTzl1V1h2bWtKNHhISm5aSlZ4WlQKdDNMVkxKODc3dVdhdTQ1N2hsWXdBY3Z6VnpKaFdybmtEaEdqNkM0RmV6NnA5bm9JVnRJbjZDVTJaRmNidW9wcAo5bjdhR3NleHlBS0hQeVlMcExQMUY3b01HRjlJdHU3amtjRng3ZUMyYVorWEsvbnFkb1JOT1NEQUJndXdPK005Cjd3Sll1OGxhUUx5YldpT2UrYkhQWGtEMVhxSk1ZeFVmN3FBTWo1a3h2dE5aOEFqczRkMm9ZRWRmWEwyZjQ3T1cKNXdJREFRQUIKLS0tLS1FTkQgUFVCTElDIEtFWS0tLS0tCg==,pHoTUK9V84ORS2LuYmGrIYOiHsqOWMZIuqPM8OeXShs=,Jk56HwYWsaryZG6IxH803HmaR7vyBvw5K07Fi8gincDsq4HEvk7MYPXdJAHAiiZTa4taWJBZuy0YIJO45qvHWIMN5TPfizIIrKVlOUUFUxje+ZCdsypuz2NSgs1ocnnmPA0V8CEc7phqSFUVcaj7LZFHIIrPkyONiEDy30wdHGBT2U1Oe8XUAoGCc8mlm/yNmL8/svP463cnx7HRnbvFD0Xfj1ELxiVrAWL+zQdpVPZl9Nb0ULNhaQC0rnVD8JaHck8WT/kyxRjISgqridMN/jBHnZNcQPPjmrHw6VQGDsht5IplCd6oM+IRyx+7e6p67K/xamMPq4mBo6pUeb65tQ==
10017,WQHDLS0tLS1CRUdJTiBQVUJMSUMgS0VZLS0tLS0KTUlJQklqQU5CZ2txaGtpRzl3MEJBUUVGQUFPQ0FROEFNSUlCQ2dLQ0FRRUFwYmFCdHdyc3BhenRxZ1JzaUc3eQorNHN6UTgreDhHenVLQ0JqRlp0WVg3bTNESlRnZktaQjR5YzhCNEhTNE96eHVZZTJ6R0dHbXovaXJXWXF2WEsyCjhsMnRjemNjZnZKMU5JdDJSZnRnWHRvMFRZK0NnQzY2cGV4aUZJQ01nTzQwK0R3SW1vTFQ2aFJQTlZSelRKeDAKb0N3NGJoeEtpVEN3RkQzQUM5OWpLTU5mYXJjMWo3bmpNRjcxT1hpcks2QTY2ZHVnMW5zSDVWZm5BZ1BhTlNzbwo0K0RIQlVHNDBIbjIrcElFMGljUjUybjNIVmxHeUxXbGhYYU9QMkdVRUpOSVkwWm5WUVNRbEgxREZERDZBOG9uCm1MMzJPa21FdFdWbkk1czlNUzFHTFMzQ3EyclRXTzhiRWxVanJMT3E3N3ZubkV3bE9BK2gwWnFEeUJPMDhjd00KZndJREFRQUIKLS0tLS1FTkQgUFVCTElDIEtFWS0tLS0tCg==,2HZeW54BqX0loZisIvlP4uNg5/D3+XJe82cGMujtSCA=,Sc/1w+zNXs1BhANlq1dzzeO0Ubu7nq0xkYPKHshKueRE0DebRT6M/X6Ww3l09+ToCYV9IX525xIg/wmLyzUnX4Hb1Pn53QwMbuxkTVLw81gy59wI4NKRaDHLDJnbp+3Hud9nvKA+q8TP2+CrM5eqxJRVuwn4aiiyoI9WVxavYCX9OnVUlGkJMljHI43W+jYC2Te/LZP4uoURFtQBvvcYHg2XdbJol+55E86ex/eI0e378iB4oxgIogakwZLD5vbJJcrfBdQ2OO+MMqy996lwQP5hH/ZVL3ouJLu7z3ONSx3Znni1DLoBUQ76ufsaJgLZvVxWLyszAYaVA9QO+P6adg==
10018,WQHDLS0tLS1CRUdJTiBQVUJMSUMgS0VZLS0tLS0KTUlJQklqQU5CZ2txaGtpRzl3MEJBUUVGQUFPQ0FROEFNSUlCQ2dLQ0FRRUFsU0Z0VGVNNXUvZjJ2Q3dUTWozeQovcFNnU01tMWNJVE9taWJvTEhmZVhjdWFNaFE2d1VVSlpGcVIyK1lOR29RR0toZWxHbmxDVWxzWUhkWm5RNU5wCmVuNmpVY1pQSS82WlhMd09MeEtWWjZ3Yi9SVk1zdlNzQUN2bklPR0xKMnhCcWE1R3lvUC9MalNFME5jUEpxMi8KZWE2L1Z4SFd1K1h4Zy8wOSthRnlYaG85OG5oTGNKQ1dnRmwrRWl1Y01hSHAycUJmdWc5cHlidE1HMUVhdjl1cQp6YzRCVWRocTUrQjhBMmpmZUFzVzRURGdlYmZpbTlwbTROT29xR0VvQWMySHNPOU1MaXRZVFJvSnFJZ0RvTDV0Cm0xd2NIVE9uMmp4bVM3SGFWUlFBdi9seXpHbGVoQXUxak1WcGc4QmNmdW1BTnRVREFpTzM3UUp5YUtTT0hERHkKYXdJREFRQUIKLS0tLS1FTkQgUFVCTElDIEtFWS0tLS0tCg==,9tEGs4RGuf5b6swL5j6MeuG268MTOmbZsGE2cIx0Ig4=,Bma+xkDi+jSuaYHMVgM5/6bRS5+T0o3LuUAh/8Fc/v3SdpeyAIOf5dhD8HFzSu+3BjCe79Bq+SXhXTNz8VUEkzbHRZk8ihHxkVZQclVPP2lAWKh5HGk0CPJbjqYWkT/vfIEKM1czIbKGCExekp8Z0xQ8BZXP+Rv0Ov+roahFXtei4U9zRkmElz39MbRSJHa9fL9iouVQeEW7B4Gasjvn2dtwk2tNinuuyfMsSN/pH3rG/FNhfpxftcNU5mDpL3KLU84xRw+M5al2sfK7tt5lRq5JrZUzaSjkdWcSe9tPxCMCPemDx9r4se/YL7YBXsyas7CSaAtuyI+Nw/hntL9bWA==
10019,WQHDLS0tLS1CRUdJTiBQVUJMSUMgS0VZLS0tLS0KTUlJQklqQU5CZ2txaGtpRzl3MEJBUUVGQUFPQ0FROEFNSUlCQ2dLQ0FRRUF1RGpuSWtPbVhNT1EwbFBCSjZJUwpzajR4amNUbHN3dTJLQjg1TXZoNUt6eGRZZmxLbnI4QXJSN0NOeVRtaHpuVm5ndEU3RG13U1U5dHgvenFzeE53CjA3WS9aZUYxd1Q4OXNzQit2a1NEZ0xnNnFnM2JRamJHay9qbngrMVJGeDJ6cEdKaVVFK2gxamw4NDh5M0xIRSsKTVVLb3B3b2daN3YyZ0RTRFVNQWtnNFVIRWhZVlJKS2RKYVBtMXZySi96U3VHK1haZWtxUkQ3SnN0ZGNodHFhYwowTndNWE1mZ3BQdEtwQ0orRVM1Q0QzMUtqVnBIWE5lb1h5VGp0bXltQS9DNVAzVlZrc1pSTUg0MEZRY0tFOHF1CkZrOWJiWk52b0tiU0xCSXpUVGlBNDdSN3BwQUJMMnI3N1BvQVhkeG9IK3haT0pucnNWZ3oxSzIxWWtwNERYSHcKdXdJREFRQUIKLS0tLS1FTkQgUFVCTElDIEtFWS0tLS0tCg==,jv4189KnVRSiHnqCiOfSHqF8QvTemnhMbO8HuNlwh9w=,RseMjDJFj3EbqBMS4w0CICQPhD/kL6g71i5uo4jmhqOqviSQin191EeR6AD2d7ho52CagSqWaBMO2L/NLGyXSI3Bpej8wYY1mmIxnKE49aV2wD9ZKMZTMy0l65NTo2oqRWScy1GlifsPFmzPPilPxH00p8E3vuYksEIDZmdV3DSNWuAzL46ieYjJ9TrFJ5ZAEYSbP0kzfHHrE94EGc2ATkbfFqkDlj8jaoX8i1SLlm7toTxtZV+ioHfL8SHz9W+Zxe9XNdPX8N0Sz65Li23DLTu3cXaLKqvssw8kFPBUtpk3+eIEg9a7S3ZQ6U042cO/J9yLZX8xhKGGdtsevHwcjg==
10020,WQHDLS0tLS1CRUdJTiBQVUJMSUMgS0VZLS0tLS0KTUlJQklqQU5CZ2txaGtpRzl3MEJBUUVGQUFPQ0FROEFNSUlCQ2dLQ0FRRUFxMWtPZWduZU9QRDE2RXlPREZ2NgpyV2JPRTlFYnhpZWhveThPMnpkaUFMZ1Rrd1dlbldKRzFaRFNNRnZ3dTh0d1FoL2ZXbXI3SFJwK25EQUVmWmhRCjhWcUt6bkxKWWR5WmIvL1lDNUlKSjgwRmhPYXc0OWR1MlByVTF1NlJreXY1Q21VSjFjV0N1ekZKMnBJcGVtMjYKRDBQYWhodnZIdXVxZGViaThPeHFGR29NRGFOdDBVb1JGbm5PRENpVlg0ejdqS0ZJK3ZGOE1pM2pZcjJZZnpWKwovdVdhVDYvV3ZGZ1NBRG1DNlFhSFB6cXdsaHhlUStXOXJlN01PTjg0anppbjNYTVA0ZVlhMVhDU3NldU1WdEh6ClZHVWJ1V3YrZi95dGE5SHhOV0xscUwxNmhSYXB5bXVWOEZrbzFPMkdua0N5bUErUzluUTF1MEhoZm1LRHRjSkoKWXdJREFRQUIKLS0tLS1FTkQgUFVCTElDIEtFWS0tLS0tCg==,Y/HCy9K4rfrSNxxquGDBqNIH7Q1+prZqvnNvITd5Jw4=,jGChbw9uU43ZWju1uAgJnFw9Ma1qkOslwVLzMOO3PPTRJrqws/H/Y2XdFfYSQIkmvJlSG8jmQ5UZc39aGROugGistvcQ6mUaazkUJM3XiYBitXnT5kX0kgUfSaomgtTQLxJ5UbbK6FgxTayzhSweY+uX+MWOC8Qj4cJKNYdy/VLrh0wN3NxOxiWkqK6mcMvGe8DSkLdgJkppTZNUKvVJoRtLvn0ZyOtwFhGvzbO0bsovdBJUr/4JoZBk5GcpI7ztWj3/lu7QFSN2LJMqVRAjAFW/4Gg5DXAh9KJVsLkn7/77RRUqJbw8kU8BnJZ2stZYLK+uPFaB619hodL1ht7kow==
